Workbook

Sheet نظرة عامة
A1: سوق العمل السعودي: التوظيف والتوطين حسب النشاط الاقتصادي
A2: المصدر: الهيئة العامة للإحصاء، إحصاءات سوق العمل المبنية على السجلات الإدارية (عبر مرصد أسواق العمل والهجرة الخليجية GLMM).
A4: إجمالي المشتغلين (الربع الأول 2025) | B4: السعوديون | C4: نسبة التوطين | D4: التغير في نسبة التوطين منذ الربع الثاني 2021 (نقطة مئوية) | E4: نمو السعوديين منذ الربع الثاني 2021
A5: ='التوطين حسب النشاط'!B27 -> 12798787 | B5: ='التوطين حسب النشاط'!D27 -> 2915900 | C5: ='التوطين حسب النشاط'!E27 -> 0.22782628 | D5: ='التوطين حسب النشاط'!J27 -> -2.434651 | E5: ='التوطين حسب النشاط'!H27 -> 0.41182702
A8: أعلى 5 أنشطة في نسبة التوطين (الأنشطة التي يزيد عدد المشتغلين فيها عن 50,000)
A9: الترتيب | B9: النشاط الاقتصادي | C9: نسبة التوطين | D9: عدد السعوديين | E9: إجمالي المشتغلين
A10: 1 | B10: =INDEX('التوطين حسب النشاط'!$A$5:$A$26,MATCH(LARGE('التوطين حسب النشاط'!$L$5:$L$26,1),'التوطين حسب النشاط'!$L$5:$L$26,0)) -> الأنشطة المالية والتأمين | C10: =INDEX('التوطين حسب النشاط'!$E$5:$E$26,MATCH(LARGE('التوطين حسب النشاط'!$L$5:$L$26,1),'التوطين حسب النشاط'!$L$5:$L$26,0)) -> 0.83050246 | D10: =INDEX('التوطين حسب النشاط'!$D$5:$D$26,MATCH(LARGE('التوطين حسب النشاط'!$L$5:$L$26,1),'التوطين حسب النشاط'!$L$5:$L$26,0)) -> 84296 | E10: =INDEX('التوطين حسب النشاط'!$B$5:$B$26,MATCH(LARGE('التوطين حسب النشاط'!$L$5:$L$26,1),'التوطين حسب النشاط'!$L$5:$L$26,0)) -> 101500
A11: 2 | B11: =INDEX('التوطين حسب النشاط'!$A$5:$A$26,MATCH(LARGE('التوطين حسب النشاط'!$L$5:$L$26,2),'التوطين حسب النشاط'!$L$5:$L$26,0)) -> الإدارة العامة والدفاع والضمان الاجتماعي | C11: =INDEX('التوطين حسب النشاط'!$E$5:$E$26,MATCH(LARGE('التوطين حسب النشاط'!$L$5:$L$26,2),'التوطين حسب النشاط'!$L$5:$L$26,0)) -> 0.80924557 | D11: =INDEX('التوطين حسب النشاط'!$D$5:$D$26,MATCH(LARGE('التوطين حسب النشاط'!$L$5:$L$26,2),'التوطين حسب النشاط'!$L$5:$L$26,0)) -> 243205 | E11: =INDEX('التوطين حسب النشاط'!$B$5:$B$26,MATCH(LARGE('التوطين حسب النشاط'!$L$5:$L$26,2),'التوطين حسب النشاط'!$L$5:$L$26,0)) -> 300533
A12: 3 | B12: =INDEX('التوطين حسب النشاط'!$A$5:$A$26,MATCH(LARGE('التوطين حسب النشاط'!$L$5:$L$26,3),'التوطين حسب النشاط'!$L$5:$L$26,0)) -> التعدين واستغلال المحاجر | C12: =INDEX('التوطين حسب النشاط'!$E$5:$E$26,MATCH(LARGE('التوطين حسب النشاط'!$L$5:$L$26,3),'التوطين حسب النشاط'!$L$5:$L$26,0)) -> 0.56389623 | D12: =INDEX('التوطين حسب النشاط'!$D$5:$D$26,MATCH(LARGE('التوطين حسب النشاط'!$L$5:$L$26,3),'التوطين حسب النشاط'!$L$5:$L$26,0)) -> 122979 | E12: =INDEX('التوطين حسب النشاط'!$B$5:$B$26,MATCH(LARGE('التوطين حسب النشاط'!$L$5:$L$26,3),'التوطين حسب النشاط'!$L$5:$L$26,0)) -> 218088
A13: 4 | B13: =INDEX('التوطين حسب النشاط'!$A$5:$A$26,MATCH(LARGE('التوطين حسب النشاط'!$L$5:$L$26,4),'التوطين حسب النشاط'!$L$5:$L$26,0)) -> المعلومات والاتصالات | C13: =INDEX('التوطين حسب النشاط'!$E$5:$E$26,MATCH(LARGE('التوطين حسب النشاط'!$L$5:$L$26,4),'التوطين حسب النشاط'!$L$5:$L$26,0)) -> 0.55114584 | D13: =INDEX('التوطين حسب النشاط'!$D$5:$D$26,MATCH(LARGE('التوطين حسب النشاط'!$L$5:$L$26,4),'التوطين حسب النشاط'!$L$5:$L$26,0)) -> 67436 | E13: =INDEX('التوطين حسب النشاط'!$B$5:$B$26,MATCH(LARGE('التوطين حسب النشاط'!$L$5:$L$26,4),'التوطين حسب النشاط'!$L$5:$L$26,0)) -> 122356
A14: 5 | B14: =INDEX('التوطين حسب النشاط'!$A$5:$A$26,MATCH(LARGE('التوطين حسب النشاط'!$L$5:$L$26,5),'التوطين حسب النشاط'!$L$5:$L$26,0)) -> الصحة البشرية والعمل الاجتماعي | C14: =INDEX('التوطين حسب النشاط'!$E$5:$E$26,MATCH(LARGE('التوطين حسب النشاط'!$L$5:$L$26,5),'التوطين حسب النشاط'!$L$5:$L$26,0)) -> 0.51164097 | D14: =INDEX('التوطين حسب النشاط'!$D$5:$D$26,MATCH(LARGE('التوطين حسب النشاط'!$L$5:$L$26,5),'التوطين حسب النشاط'!$L$5:$L$26,0)) -> 238680 | E14: =INDEX('التوطين حسب النشاط'!$B$5:$B$26,MATCH(LARGE('التوطين حسب النشاط'!$L$5:$L$26,5),'التوطين حسب النشاط'!$L$5:$L$26,0)) -> 466499
A16: أقل 5 أنشطة في نسبة التوطين (نفس الشرط)
A17: الترتيب | B17: النشاط الاقتصادي | C17: نسبة التوطين | D17: عدد السعوديين | E17: إجمالي المشتغلين
A18: 1 | B18: =INDEX('التوطين حسب النشاط'!$A$5:$A$26,MATCH(SMALL('التوطين حسب النشاط'!$L$5:$L$26,1),'التوطين حسب النشاط'!$L$5:$L$26,0)) -> الزراعة والحراجة وصيد الأسماك | C18: =INDEX('التوطين حسب النشاط'!$E$5:$E$26,MATCH(SMALL('التوطين حسب النشاط'!$L$5:$L$26,1),'التوطين حسب النشاط'!$L$5:$L$26,0)) -> 0.094717434 | D18: =INDEX('التوطين حسب النشاط'!$D$5:$D$26,MATCH(SMALL('التوطين حسب النشاط'!$L$5:$L$26,1),'التوطين حسب النشاط'!$L$5:$L$26,0)) -> 32364 | E18: =INDEX('التوطين حسب النشاط'!$B$5:$B$26,MATCH(SMALL('التوطين حسب النشاط'!$L$5:$L$26,1),'التوطين حسب النشاط'!$L$5:$L$26,0)) -> 341690
A19: 2 | B19: =INDEX('التوطين حسب النشاط'!$A$5:$A$26,MATCH(SMALL('التوطين حسب النشاط'!$L$5:$L$26,2),'التوطين حسب النشاط'!$L$5:$L$26,0)) -> التشييد | C19: =INDEX('التوطين حسب النشاط'!$E$5:$E$26,MATCH(SMALL('التوطين حسب النشاط'!$L$5:$L$26,2),'التوطين حسب النشاط'!$L$5:$L$26,0)) -> 0.127902 | D19: =INDEX('التوطين حسب النشاط'!$D$5:$D$26,MATCH(SMALL('التوطين حسب النشاط'!$L$5:$L$26,2),'التوطين حسب النشاط'!$L$5:$L$26,0)) -> 434440 | E19: =INDEX('التوطين حسب النشاط'!$B$5:$B$26,MATCH(SMALL('التوطين حسب النشاط'!$L$5:$L$26,2),'التوطين حسب النشاط'!$L$5:$L$26,0)) -> 3396663
A20: 3 | B20: =INDEX('التوطين حسب النشاط'!$A$5:$A$26,MATCH(SMALL('التوطين حسب النشاط'!$L$5:$L$26,3),'التوطين حسب النشاط'!$L$5:$L$26,0)) -> الخدمات الإدارية وخدمات الدعم | C20: =INDEX('التوطين حسب النشاط'!$E$5:$E$26,MATCH(SMALL('التوطين حسب النشاط'!$L$5:$L$26,3),'التوطين حسب النشاط'!$L$5:$L$26,0)) -> 0.15150697 | D20: =INDEX('التوطين حسب النشاط'!$D$5:$D$26,MATCH(SMALL('التوطين حسب النشاط'!$L$5:$L$26,3),'التوطين حسب النشاط'!$L$5:$L$26,0)) -> 191971 | E20: =INDEX('التوطين حسب النشاط'!$B$5:$B$26,MATCH(SMALL('التوطين حسب النشاط'!$L$5:$L$26,3),'التوطين حسب النشاط'!$L$5:$L$26,0)) -> 1267077
A21: 4 | B21: =INDEX('التوطين حسب النشاط'!$A$5:$A$26,MATCH(SMALL('التوطين حسب النشاط'!$L$5:$L$26,4),'التوطين حسب النشاط'!$L$5:$L$26,0)) -> أنشطة الخدمات الأخرى | C21: =INDEX('التوطين حسب النشاط'!$E$5:$E$26,MATCH(SMALL('التوطين حسب النشاط'!$L$5:$L$26,4),'التوطين حسب النشاط'!$L$5:$L$26,0)) -> 0.15618674 | D21: =INDEX('التوطين حسب النشاط'!$D$5:$D$26,MATCH(SMALL('التوطين حسب النشاط'!$L$5:$L$26,4),'التوطين حسب النشاط'!$L$5:$L$26,0)) -> 43903 | E21: =INDEX('التوطين حسب النشاط'!$B$5:$B$26,MATCH(SMALL('التوطين حسب النشاط'!$L$5:$L$26,4),'التوطين حسب النشاط'!$L$5:$L$26,0)) -> 281093
A22: 5 | B22: =INDEX('التوطين حسب النشاط'!$A$5:$A$26,MATCH(SMALL('التوطين حسب النشاط'!$L$5:$L$26,5),'التوطين حسب النشاط'!$L$5:$L$26,0)) -> الإقامة وخدمات الطعام | C22: =INDEX('التوطين حسب النشاط'!$E$5:$E$26,MATCH(SMALL('التوطين حسب النشاط'!$L$5:$L$26,5),'التوطين حسب النشاط'!$L$5:$L$26,0)) -> 0.19206844 | D22: =INDEX('التوطين حسب النشاط'!$D$5:$D$26,MATCH(SMALL('التوطين حسب النشاط'!$L$5:$L$26,5),'التوطين حسب النشاط'!$L$5:$L$26,0)) -> 137153 | E22: =INDEX('التوطين حسب النشاط'!$B$5:$B$26,MATCH(SMALL('التوطين حسب النشاط'!$L$5:$L$26,5),'التوطين حسب النشاط'!$L$5:$L$26,0)) -> 714084

Sheet التوطين حسب النشاط
A1: نسبة التوطين حسب النشاط الاقتصادي - الربع الأول 2025
A2: المصدر: الهيئة العامة للإحصاء، إحصاءات سوق العمل المبنية على السجلات الإدارية (عبر مرصد أسواق العمل والهجرة الخليجية GLMM).
A4: النشاط الاقتصادي | B4: إجمالي المشتغلين | C4: غير السعوديين | D4: السعوديون | E4: نسبة التوطين | F4: الحصة من إجمالي التوظيف | G4: السعوديون الربع الثاني 2021 | H4: نمو السعوديين % | I4: نسبة التوطين الربع الثاني 2021 | J4: التغير في نسبة التوطين (نقطة مئوية) | L4: مساعد للترتيب
A5: الزراعة والحراجة وصيد الأسماك | B5: ='إجمالي المشتغلين'!Q5 -> 341690 | C5: ='المشتغلون غير السعوديين'!Q5 -> 309326 | D5: =B5-C5 -> 32364 | E5: =IFERROR(D5/B5,0) -> 0.094717434 | F5: =IFERROR(B5/$B$27,0) -> 0.026697061 | G5: ='إجمالي المشتغلين'!B5-'المشتغلون غير السعوديين'!B5 -> 16266 | H5: =IFERROR(D5/G5-1,"") -> 0.98967171 | I5: =IFERROR(G5/'إجمالي المشتغلين'!B5,0) -> 0.15696681 | J5: =(E5-I5)*100 -> -6.224938 | L5: =IF(AND(B5>=50000,A5<>"غير محدد"),E5+ROW()/10^9,"") -> 0.094717439
A6: التعدين واستغلال المحاجر | B6: ='إجمالي المشتغلين'!Q6 -> 218088 | C6: ='المشتغلون غير السعوديين'!Q6 -> 95109 | D6: =B6-C6 -> 122979 | E6: =IFERROR(D6/B6,0) -> 0.56389623 | F6: =IFERROR(B6/$B$27,0) -> 0.01703974 | G6: ='إجمالي المشتغلين'!B6-'المشتغلون غير السعوديين'!B6 -> 111003 | H6: =IFERROR(D6/G6-1,"") -> 0.10788898 | I6: =IFERROR(G6/'إجمالي المشتغلين'!B6,0) -> 0.64078393 | J6: =(E6-I6)*100 -> -7.6887704 | L6: =IF(AND(B6>=50000,A6<>"غير محدد"),E6+ROW()/10^9,"") -> 0.56389623
A7: الصناعات التحويلية | B7: ='إجمالي المشتغلين'!Q7 -> 1576431 | C7: ='المشتغلون غير السعوديين'!Q7 -> 1168267 | D7: =B7-C7 -> 408164 | E7: =IFERROR(D7/B7,0) -> 0.2589165 | F7: =IFERROR(B7/$B$27,0) -> 0.12317034 | G7: ='إجمالي المشتغلين'!B7-'المشتغلون غير السعوديين'!B7 -> 213760 | H7: =IFERROR(D7/G7-1,"") -> 0.90944985 | I7: =IFERROR(G7/'إجمالي المشتغلين'!B7,0) -> 0.25846486 | J7: =(E7-I7)*100 -> 0.045164482 | L7: =IF(AND(B7>=50000,A7<>"غير محدد"),E7+ROW()/10^9,"") -> 0.25891651
A8: الكهرباء والغاز والتكييف | B8: ='إجمالي المشتغلين'!Q8 -> 49862 | C8: ='المشتغلون غير السعوديين'!Q8 -> 15237 | D8: =B8-C8 -> 34625 | E8: =IFERROR(D8/B8,0) -> 0.69441659 | F8: =IFERROR(B8/$B$27,0) -> 0.0038958379 | G8: ='إجمالي المشتغلين'!B8-'المشتغلون غير السعوديين'!B8 -> 41032 | H8: =IFERROR(D8/G8-1,"") -> -0.15614642 | I8: =IFERROR(G8/'إجمالي المشتغلين'!B8,0) -> 0.52308712 | J8: =(E8-I8)*100 -> 17.132947 | L8: =IF(AND(B8>=50000,A8<>"غير محدد"),E8+ROW()/10^9,"")
A9: المياه والصرف الصحي وإدارة النفايات | B9: ='إجمالي المشتغلين'!Q9 -> 179481 | C9: ='المشتغلون غير السعوديين'!Q9 -> 142836 | D9: =B9-C9 -> 36645 | E9: =IFERROR(D9/B9,0) -> 0.20417203 | F9: =IFERROR(B9/$B$27,0) -> 0.014023282 | G9: ='إجمالي المشتغلين'!B9-'المشتغلون غير السعوديين'!B9 -> 5272 | H9: =IFERROR(D9/G9-1,"") -> 5.9508725 | I9: =IFERROR(G9/'إجمالي المشتغلين'!B9,0) -> 0.22359827 | J9: =(E9-I9)*100 -> -1.942624 | L9: =IF(AND(B9>=50000,A9<>"غير محدد"),E9+ROW()/10^9,"") -> 0.20417204
A10: التشييد | B10: ='إجمالي المشتغلين'!Q10 -> 3396663 | C10: ='المشتغلون غير السعوديين'!Q10 -> 2962223 | D10: =B10-C10 -> 434440 | E10: =IFERROR(D10/B10,0) -> 0.127902 | F10: =IFERROR(B10/$B$27,0) -> 0.26538945 | G10: ='إجمالي المشتغلين'!B10-'المشتغلون غير السعوديين'!B10 -> 286699 | H10: =IFERROR(D10/G10-1,"") -> 0.51531746 | I10: =IFERROR(G10/'إجمالي المشتغلين'!B10,0) -> 0.14125929 | J10: =(E10-I10)*100 -> -1.3357284 | L10: =IF(AND(B10>=50000,A10<>"غير محدد"),E10+ROW()/10^9,"") -> 0.12790201
A11: تجارة الجملة والتجزئة وإصلاح المركبات | B11: ='إجمالي المشتغلين'!Q11 -> 1753708 | C11: ='المشتغلون غير السعوديين'!Q11 -> 1361689 | D11: =B11-C11 -> 392019 | E11: =IFERROR(D11/B11,0) -> 0.22353721 | F11: =IFERROR(B11/$B$27,0) -> 0.13702142 | G11: ='إجمالي المشتغلين'!B11-'المشتغلون غير السعوديين'!B11 -> 445969 | H11: =IFERROR(D11/G11-1,"") -> -0.12097253 | I11: =IFERROR(G11/'إجمالي المشتغلين'!B11,0) -> 0.24393631 | J11: =(E11-I11)*100 -> -2.0399098 | L11: =IF(AND(B11>=50000,A11<>"غير محدد"),E11+ROW()/10^9,"") -> 0.22353722
A12: النقل والتخزين | B12: ='إجمالي المشتغلين'!Q12 -> 780243 | C12: ='المشتغلون غير السعوديين'!Q12 -> 629132 | D12: =B12-C12 -> 151111 | E12: =IFERROR(D12/B12,0) -> 0.19367172 | F12: =IFERROR(B12/$B$27,0) -> 0.060962262 | G12: ='إجمالي المشتغلين'!B12-'المشتغلون غير السعوديين'!B12 -> 67453 | H12: =IFERROR(D12/G12-1,"") -> 1.2402414 | I12: =IFERROR(G12/'إجمالي المشتغلين'!B12,0) -> 0.25850202 | J12: =(E12-I12)*100 -> -6.4830305 | L12: =IF(AND(B12>=50000,A12<>"غير محدد"),E12+ROW()/10^9,"") -> 0.19367173
A13: الإقامة وخدمات الطعام | B13: ='إجمالي المشتغلين'!Q13 -> 714084 | C13: ='المشتغلون غير السعوديين'!Q13 -> 576931 | D13: =B13-C13 -> 137153 | E13: =IFERROR(D13/B13,0) -> 0.19206844 | F13: =IFERROR(B13/$B$27,0) -> 0.0557931 | G13: ='إجمالي المشتغلين'!B13-'المشتغلون غير السعوديين'!B13 -> 74799 | H13: =IFERROR(D13/G13-1,"") -> 0.83362077 | I13: =IFERROR(G13/'إجمالي المشتغلين'!B13,0) -> 0.1960717 | J13: =(E13-I13)*100 -> -0.40032581 | L13: =IF(AND(B13>=50000,A13<>"غير محدد"),E13+ROW()/10^9,"") -> 0.19206845
A14: المعلومات والاتصالات | B14: ='إجمالي المشتغلين'!Q14 -> 122356 | C14: ='المشتغلون غير السعوديين'!Q14 -> 54920 | D14: =B14-C14 -> 67436 | E14: =IFERROR(D14/B14,0) -> 0.55114584 | F14: =IFERROR(B14/$B$27,0) -> 0.0095599685 | G14: ='إجمالي المشتغلين'!B14-'المشتغلون غير السعوديين'!B14 -> 41119 | H14: =IFERROR(D14/G14-1,"") -> 0.64002043 | I14: =IFERROR(G14/'إجمالي المشتغلين'!B14,0) -> 0.52206648 | J14: =(E14-I14)*100 -> 2.9079358 | L14: =IF(AND(B14>=50000,A14<>"غير محدد"),E14+ROW()/10^9,"") -> 0.55114585
A15: الأنشطة المالية والتأمين | B15: ='إجمالي المشتغلين'!Q15 -> 101500 | C15: ='المشتغلون غير السعوديين'!Q15 -> 17204 | D15: =B15-C15 -> 84296 | E15: =IFERROR(D15/B15,0) -> 0.83050246 | F15: =IFERROR(B15/$B$27,0) -> 0.007930439 | G15: ='إجمالي المشتغلين'!B15-'المشتغلون غير السعوديين'!B15 -> 64199 | H15: =IFERROR(D15/G15-1,"") -> 0.31304226 | I15: =IFERROR(G15/'إجمالي المشتغلين'!B15,0) -> 0.83581565 | J15: =(E15-I15)*100 -> -0.53131859 | L15: =IF(AND(B15>=50000,A15<>"غير محدد"),E15+ROW()/10^9,"") -> 0.83050248
A16: الأنشطة العقارية | B16: ='إجمالي المشتغلين'!Q16 -> 56703 | C16: ='المشتغلون غير السعوديين'!Q16 -> 34771 | D16: =B16-C16 -> 21932 | E16: =IFERROR(D16/B16,0) -> 0.3867873 | F16: =IFERROR(B16/$B$27,0) -> 0.0044303417 | G16: ='إجمالي المشتغلين'!B16-'المشتغلون غير السعوديين'!B16 -> 13581 | H16: =IFERROR(D16/G16-1,"") -> 0.61490317 | I16: =IFERROR(G16/'إجمالي المشتغلين'!B16,0) -> 0.35613888 | J16: =(E16-I16)*100 -> 3.0648417 | L16: =IF(AND(B16>=50000,A16<>"غير محدد"),E16+ROW()/10^9,"") -> 0.38678731
... A26: غير محدد | B26: ='إجمالي المشتغلين'!Q26 -> 580785 | C26: ='المشتغلون غير السعوديين'!Q26 -> 569869 | D26: =B26-C26 -> 10916 | E26: =IFERROR(D26/B26,0) -> 0.018795251 | F26: =IFERROR(B26/$B$27,0) -> 0.045378128 | G26: ='إجمالي المشتغلين'!B26-'المشتغلون غير السعوديين'!B26 -> 1780 | H26: =IFERROR(D26/G26-1,"") -> 5.1325843 | I26: =IFERROR(G26/'إجمالي المشتغلين'!B26,0) -> 0.014973334 | J26: =(E26-I26)*100 -> 0.38219172 | L26: =IF(AND(B26>=50000,A26<>"غير محدد"),E26+ROW()/10^9,"")
A27: الإجمالي | B27: =SUM(B5:B26) -> 12798787 | C27: =SUM(C5:C26) -> 9882887 | D27: =SUM(D5:D26) -> 2915900 | E27: =IFERROR(D27/B27,0) -> 0.22782628 | F27: =SUM(F5:F26) -> 1 | G27: =SUM(G5:G26) -> 2065338 | H27: =IFERROR(D27/G27-1,"") -> 0.41182702 | I27: =IFERROR(G27/'إجمالي المشتغلين'!B27,0) -> 0.25217279 | J27: =(E27-I27)*100 -> -2.434651
A29: الأرقام الخضراء مسحوبة من أوراق البيانات، والسوداء معادلات. السعوديون = الإجمالي - غير السعوديين.

Sheet الاتجاه الربعي
A1: اتجاه التوظيف والتوطين ربعياً
A2: المصدر: الهيئة العامة للإحصاء، إحصاءات سوق العمل المبنية على السجلات الإدارية (عبر مرصد أسواق العمل والهجرة الخليجية GLMM).
A4: الربع | B4: إجمالي المشتغلين | C4: غير السعوديين | D4: السعوديون | E4: نسبة التوطين | F4: نمو السعوديين عن الربع السابق
A5: الربع الثاني 2021 | B5: ='إجمالي المشتغلين'!B27 -> 8190170 | C5: ='المشتغلون غير السعوديين'!B27 -> 6124832 | D5: =B5-C5 -> 2065338 | E5: =D5/B5 -> 0.25217279
A6: الربع الثالث 2021 | B6: ='إجمالي المشتغلين'!C27 -> 8158385 | C6: ='المشتغلون غير السعوديين'!C27 -> 6023077 | D6: =B6-C6 -> 2135308 | E6: =D6/B6 -> 0.2617317 | F6: =IFERROR(D6/D5-1,"") -> 0.033878232
A7: الربع الرابع 2021 | B7: ='إجمالي المشتغلين'!D27 -> 8531308 | C7: ='المشتغلون غير السعوديين'!D27 -> 6290496 | D7: =B7-C7 -> 2240812 | E7: =D7/B7 -> 0.2626575 | F7: =IFERROR(D7/D6-1,"") -> 0.049409266
A8: الربع الأول 2022 | B8: ='إجمالي المشتغلين'!E27 -> 9096479 | C8: ='المشتغلون غير السعوديين'!E27 -> 6722989 | D8: =B8-C8 -> 2373490 | E8: =D8/B8 -> 0.26092403 | F8: =IFERROR(D8/D7-1,"") -> 0.059209786
A9: الربع الثاني 2022 | B9: ='إجمالي المشتغلين'!F27 -> 9541622 | C9: ='المشتغلون غير السعوديين'!F27 -> 7098669 | D9: =B9-C9 -> 2442953 | E9: =D9/B9 -> 0.25603121 | F9: =IFERROR(D9/D8-1,"") -> 0.029266186
A10: الربع الرابع 2022 | B10: ='إجمالي المشتغلين'!H27 -> 9923038 | C10: ='المشتغلون غير السعوديين'!H27 -> 7341623 | D10: =B10-C10 -> 2581415 | E10: =D10/B10 -> 0.26014362 | F10: =IFERROR(D10/D9-1,"") -> 0.056678127
A11: الربع الأول 2023 | B11: ='إجمالي المشتغلين'!I27 -> 10439035 | C11: ='المشتغلون غير السعوديين'!I27 -> 7807847 | D11: =B11-C11 -> 2631188 | E11: =D11/B11 -> 0.2520528 | F11: =IFERROR(D11/D10-1,"") -> 0.019281286
A12: الربع الثاني 2023 | B12: ='إجمالي المشتغلين'!J27 -> 10495086 | C12: ='المشتغلون غير السعوديين'!J27 -> 7863882 | D12: =B12-C12 -> 2631204 | E12: =D12/B12 -> 0.25070819 | F12: =IFERROR(D12/D11-1,"") -> 6.0809034e-06
A13: الربع الثالث 2023 | B13: ='إجمالي المشتغلين'!K27 -> 10812988 | C13: ='المشتغلون غير السعوديين'!K27 -> 8116191 | D13: =B13-C13 -> 2696797 | E13: =D13/B13 -> 0.2494035 | F13: =IFERROR(D13/D12-1,"") -> 0.024928892
A14: الربع الرابع 2023 | B14: ='إجمالي المشتغلين'!L27 -> 10842733 | C14: ='المشتغلون غير السعوديين'!L27 -> 8104303 | D14: =B14-C14 -> 2738430 | E14: =D14/B14 -> 0.25255902 | F14: =IFERROR(D14/D13-1,"") -> 0.015437944
A15: الربع الأول 2024 | B15: ='إجمالي المشتغلين'!M27 -> 11393432 | C15: ='المشتغلون غير السعوديين'!M27 -> 8622747 | D15: =B15-C15 -> 2770685 | E15: =D15/B15 -> 0.24318265 | F15: =IFERROR(D15/D14-1,"") -> 0.011778647
A16: الربع الثاني 2024 | B16: ='إجمالي المشتغلين'!N27 -> 11706763 | C16: ='المشتغلون غير السعوديين'!N27 -> 8934343 | D16: =B16-C16 -> 2772420 | E16: =D16/B16 -> 0.23682208 | F16: =IFERROR(D16/D15-1,"") -> 0.00062619894
A17: الربع الثالث 2024 | B17: ='إجمالي المشتغلين'!O27 -> 12008658 | C17: ='المشتغلون غير السعوديين'!O27 -> 9178419 | D17: =B17-C17 -> 2830239 | E17: =D17/B17 -> 0.2356832 | F17: =IFERROR(D17/D16-1,"") -> 0.020855065
A18: الربع الرابع 2024 | B18: ='إجمالي المشتغلين'!P27 -> 12438485 | C18: ='المشتغلون غير السعوديين'!P27 -> 9544713 | D18: =B18-C18 -> 2893772 | E18: =D18/B18 -> 0.23264666 | F18: =IFERROR(D18/D17-1,"") -> 0.022447928
A19: الربع الأول 2025 | B19: ='إجمالي المشتغلين'!Q27 -> 12798787 | C19: ='المشتغلون غير السعوديين'!Q27 -> 9882887 | D19: =B19-C19 -> 2915900 | E19: =D19/B19 -> 0.22782628 | F19: =IFERROR(D19/D18-1,"") -> 0.0076467669
A21: الربع الثالث 2022 غير متاح في المصدر فلم يُدرج، لذلك نمو الربع الرابع 2022 محسوب مقارنة بالربع الثاني 2022.

Sheet إجمالي المشتغلين
A1: إجمالي المشتغلين حسب النشاط الاقتصادي (سعوديون وغير سعوديين)
A2: المصدر: الهيئة العامة للإحصاء، إحصاءات سوق العمل المبنية على السجلات الإدارية (عبر مرصد أسواق العمل والهجرة الخليجية GLMM). عدد الأفراد المشتغلين.
A4: النشاط الاقتصادي | B4: الربع الثاني 2021 | C4: الربع الثالث 2021 | D4: الربع الرابع 2021 | E4: الربع الأول 2022 | F4: الربع الثاني 2022 | G4: الربع الثالث 2022 | H4: الربع الرابع 2022 | I4: الربع الأول 2023 | J4: الربع الثاني 2023 | K4: الربع الثالث 2023 | L4: الربع الرابع 2023 | M4: الربع الأول 2024 | N4: الربع الثاني 2024 | O4: الربع الثالث 2024 | P4: الربع الرابع 2024 | Q4: الربع الأول 2025
A5: الزراعة والحراجة وصيد الأسماك | B5: 103627 | C5: 102094 | D5: 106710 | E5: 132269 | F5: 181046 | H5: 354795 | I5: 521309 | J5: 540603 | K5: 139654 | L5: 142402 | M5: 164292 | N5: 203475 | O5: 204897 | P5: 290672 | Q5: 341690
A6: التعدين واستغلال المحاجر | B6: 173230 | C6: 173224 | D6: 176650 | E6: 171620 | F6: 142153 | H6: 141816 | I6: 146455 | J6: 157758 | K6: 160780 | L6: 166204 | M6: 173925 | N6: 186826 | O6: 197474 | P6: 220458 | Q6: 218088
A7: الصناعات التحويلية | B7: 827037 | C7: 830836 | D7: 852925 | E7: 892895 | F7: 943887 | H7: 1033933 | I7: 1086782 | J7: 1123456 | K7: 1184551 | L7: 1211398 | M7: 1298422 | N7: 1341920 | O7: 1386764 | P7: 1515096 | Q7: 1576431
A8: الكهرباء والغاز والتكييف | B8: 78442 | C8: 77763 | D8: 78129 | E8: 79442 | F8: 40157 | H8: 39390 | I8: 39011 | J8: 38498 | K8: 38418 | L8: 39317 | M8: 40294 | N8: 46151 | O8: 46674 | P8: 49100 | Q8: 49862
A9: المياه والصرف الصحي وإدارة النفايات | B9: 23578 | C9: 23221 | D9: 23850 | E9: 29025 | F9: 87941 | H9: 106556 | I9: 122329 | J9: 129086 | K9: 152013 | L9: 156994 | M9: 138035 | N9: 168219 | O9: 173128 | P9: 180363 | Q9: 179481
A10: التشييد | B10: 2029594 | C10: 1996612 | D10: 2058439 | E10: 2152344 | F10: 2453723 | H10: 2460230 | I10: 2540702 | J10: 2541815 | K10: 2608274 | L10: 2617187 | M10: 2816018 | N10: 2894564 | O10: 2972737 | P10: 3246657 | Q10: 3396663
A11: تجارة الجملة والتجزئة وإصلاح المركبات | B11: 1828219 | C11: 1813880 | D11: 1790879 | E11: 1820040 | F11: 1719838 | H11: 1626050 | I11: 1653550 | J11: 1629081 | K11: 1621497 | L11: 1616873 | M11: 1647023 | N11: 1648970 | O11: 1644350 | P11: 1732029 | Q11: 1753708
A12: النقل والتخزين | B12: 260938 | C12: 264794 | D12: 281064 | E12: 319753 | F12: 406735 | H12: 439565 | I12: 459542 | J12: 467109 | K12: 494242 | L12: 503243 | M12: 550184 | N12: 566981 | O12: 592765 | P12: 756106 | Q12: 780243
A13: الإقامة وخدمات الطعام | B13: 381488 | C13: 390819 | D13: 555301 | E13: 671247 | F13: 653310 | H13: 675154 | I13: 694182 | J13: 686139 | K13: 686468 | L13: 673976 | M13: 681367 | N13: 679540 | O13: 673835 | P13: 708196 | Q13: 714084
A14: المعلومات والاتصالات | B14: 78762 | C14: 80821 | D14: 82149 | E14: 84090 | F14: 123491 | H14: 123331 | I14: 123307 | J14: 118538 | K14: 106607 | L14: 104389 | M14: 110795 | N14: 111735 | O14: 113119 | P14: 120389 | Q14: 122356
A15: الأنشطة المالية والتأمين | B15: 76810 | C15: 77191 | D15: 77924 | E15: 79815 | F15: 88780 | H15: 91291 | I15: 92274 | J15: 92610 | K15: 93314 | L15: 95184 | M15: 96478 | N15: 96916 | O15: 98607 | P15: 100115 | Q15: 101500
A16: الأنشطة العقارية | B16: 38134 | C16: 39207 | D16: 39303 | E16: 39807 | F16: 66181 | H16: 54627 | I16: 55674 | J16: 54738 | K16: 53671 | L16: 52808 | M16: 54389 | N16: 53981 | O16: 53303 | P16: 55646 | Q16: 56703
... A26: غير محدد | B26: 118878 | C26: 115552 | D26: 143717 | E26: 329694 | F26: 158839 | H26: 228525 | I26: 295094 | J26: 357127 | K26: 919238 | L26: 916062 | M26: 992969 | N26: 1078502 | O26: 1149578 | P26: 585242 | Q26: 580785
A27: الإجمالي | B27: =IF(COUNT(B5:B26)=0,"",SUM(B5:B26)) -> 8190170 | C27: =IF(COUNT(C5:C26)=0,"",SUM(C5:C26)) -> 8158385 | D27: =IF(COUNT(D5:D26)=0,"",SUM(D5:D26)) -> 8531308 | E27: =IF(COUNT(E5:E26)=0,"",SUM(E5:E26)) -> 9096479 | F27: =IF(COUNT(F5:F26)=0,"",SUM(F5:F26)) -> 9541622 | G27: =IF(COUNT(G5:G26)=0,"",SUM(G5:G26)) | H27: =IF(COUNT(H5:H26)=0,"",SUM(H5:H26)) -> 9923038 | I27: =IF(COUNT(I5:I26)=0,"",SUM(I5:I26)) -> 10439035 | ... Q27: =IF(COUNT(Q5:Q26)=0,"",SUM(Q5:Q26)) -> 12798787
A29: الربع الثالث 2022 غير متاح في المصدر. الأرقام الزرقاء مدخلات من المصدر، والإجمالي معادلة.

Sheet المشتغلون غير السعوديين
A1: المشتغلون غير السعوديين حسب النشاط الاقتصادي
A2: المصدر: الهيئة العامة للإحصاء، إحصاءات سوق العمل المبنية على السجلات الإدارية (عبر مرصد أسواق العمل والهجرة الخليجية GLMM). عدد الأفراد المشتغلين.
A4: النشاط الاقتصادي | B4: الربع الثاني 2021 | C4: الربع الثالث 2021 | D4: الربع الرابع 2021 | E4: الربع الأول 2022 | F4: الربع الثاني 2022 | G4: الربع الثالث 2022 | H4: الربع الرابع 2022 | I4: الربع الأول 2023 | J4: الربع الثاني 2023 | K4: الربع الثالث 2023 | L4: الربع الرابع 2023 | M4: الربع الأول 2024 | N4: الربع الثاني 2024 | O4: الربع الثالث 2024 | P4: الربع الرابع 2024 | Q4: الربع الأول 2025
A5: الزراعة والحراجة وصيد الأسماك | B5: 87361 | C5: 85806 | D5: 90183 | E5: 114724 | F5: 158234 | H5: 329267 | I5: 495115 | J5: 516859 | K5: 120078 | L5: 121665 | M5: 143492 | N5: 179181 | O5: 180956 | P5: 260485 | Q5: 309326
A6: التعدين واستغلال المحاجر | B6: 62227 | C6: 61459 | D6: 62230 | E6: 58220 | F6: 40509 | H6: 36599 | I6: 39424 | J6: 47402 | K6: 49174 | L6: 51940 | M6: 57965 | N6: 68646 | O6: 77780 | P6: 96875 | Q6: 95109
A7: الصناعات التحويلية | B7: 613277 | C7: 611982 | D7: 627008 | E7: 657697 | F7: 708428 | H7: 778389 | I7: 810469 | J7: 827488 | K7: 860211 | L7: 866598 | M7: 939706 | N7: 971814 | O7: 1006783 | P7: 1110221 | Q7: 1168267
A8: الكهرباء والغاز والتكييف | B8: 37410 | C8: 36521 | D8: 36533 | E8: 37377 | F8: 6516 | H8: 6220 | I8: 6316 | J8: 6378 | K8: 6837 | L8: 7623 | M8: 8800 | N8: 12503 | O8: 13161 | P8: 14607 | Q8: 15237
A9: المياه والصرف الصحي وإدارة النفايات | B9: 18306 | C9: 17885 | D9: 18283 | E9: 21585 | F9: 69590 | H9: 86157 | I9: 100914 | J9: 107210 | K9: 126842 | L9: 130018 | M9: 115375 | N9: 133381 | O9: 137368 | P9: 143692 | Q9: 142836
A10: التشييد | B10: 1742895 | C10: 1705712 | D10: 1755671 | E10: 1834116 | F10: 2105858 | H10: 2090698 | I10: 2172686 | J10: 2176449 | K10: 2227945 | L10: 2233402 | M10: 2418405 | N10: 2494244 | O10: 2562464 | P10: 2820589 | Q10: 2962223
A11: تجارة الجملة والتجزئة وإصلاح المركبات | B11: 1382250 | C11: 1353746 | D11: 1330197 | E11: 1338295 | F11: 1288581 | H11: 1205767 | I11: 1228816 | J11: 1210761 | K11: 1208148 | L11: 1205372 | M11: 1241277 | N11: 1252451 | O11: 1253248 | P11: 1336936 | Q11: 1361689
A12: النقل والتخزين | B12: 193485 | C12: 193817 | D12: 205458 | E12: 233721 | F12: 298939 | H12: 319993 | I12: 335369 | J12: 339805 | K12: 363482 | L12: 370573 | M12: 412744 | N12: 429590 | O12: 451537 | P12: 607845 | Q12: 629132
A13: الإقامة وخدمات الطعام | B13: 306689 | C13: 310997 | D13: 439731 | E13: 521987 | F13: 511858 | H13: 525044 | I13: 543139 | J13: 536229 | K13: 537183 | L13: 526551 | M13: 537539 | N13: 538446 | O13: 536782 | P13: 569825 | Q13: 576931
A14: المعلومات والاتصالات | B14: 37643 | C14: 38492 | D14: 38056 | E14: 38163 | F14: 49573 | H14: 46617 | I14: 47524 | J14: 46256 | K14: 45484 | L14: 45000 | M14: 47827 | N14: 48515 | O14: 49135 | P14: 54671 | Q14: 54920
A15: الأنشطة المالية والتأمين | B15: 12611 | C15: 12549 | D15: 12895 | E15: 13361 | F15: 16840 | H15: 16290 | I15: 16522 | J15: 16287 | K15: 16542 | L15: 16602 | M15: 16867 | N15: 16845 | O15: 16892 | P15: 17163 | Q15: 17204
A16: الأنشطة العقارية | B16: 24553 | C16: 24763 | D16: 24420 | E16: 24066 | F16: 41504 | H16: 31702 | I16: 32236 | J16: 31885 | K16: 31464 | L16: 31152 | M16: 32704 | N16: 32557 | O16: 32157 | P16: 34296 | Q16: 34771
... A26: غير محدد | B26: 117098 | C26: 114094 | D26: 142300 | E26: 309379 | F26: 153469 | H26: 217495 | I26: 279057 | J26: 338819 | K26: 890201 | L26: 886614 | M26: 964794 | N26: 1042623 | O26: 1112768 | P26: 573739 | Q26: 569869
A27: الإجمالي | B27: =IF(COUNT(B5:B26)=0,"",SUM(B5:B26)) -> 6124832 | C27: =IF(COUNT(C5:C26)=0,"",SUM(C5:C26)) -> 6023077 | D27: =IF(COUNT(D5:D26)=0,"",SUM(D5:D26)) -> 6290496 | E27: =IF(COUNT(E5:E26)=0,"",SUM(E5:E26)) -> 6722989 | F27: =IF(COUNT(F5:F26)=0,"",SUM(F5:F26)) -> 7098669 | G27: =IF(COUNT(G5:G26)=0,"",SUM(G5:G26)) | H27: =IF(COUNT(H5:H26)=0,"",SUM(H5:H26)) -> 7341623 | I27: =IF(COUNT(I5:I26)=0,"",SUM(I5:I26)) -> 7807847 | ... Q27: =IF(COUNT(Q5:Q26)=0,"",SUM(Q5:Q26)) -> 9882887
A29: الربع الثالث 2022 غير متاح في المصدر. الأرقام الزرقاء مدخلات من المصدر، والإجمالي معادلة.

Sheet المصدر والملاحظات
A1: المصدر والملاحظات المنهجية
A3: المصدر الأصلي | B3: الهيئة العامة للإحصاء (GASTAT)، إحصاءات سوق العمل المبنية على السجلات الإدارية.
A4: الجداول المستخدمة | B4: إجمالي المشتغلين حسب النشاط الاقتصادي (الربع الأول 2021 - الربع الأول 2025)، والمشتغلون غير السعوديين حسب النشاط الاقتصادي (الربع الأول 2021 - الربع الثالث 2025)، كما نشرها مرصد GLMM:
B5: https://gulfmigration.grc.net/saudi-arabia-saudi-employed-population-by-main-group-of-economic-activities-q1-2021-q1-2025-2/
B6: https://gulfmigration.grc.net/saudi-arabia-non-saudi-employed-population-by-main-group-of-economic-activities-q1-2021-q3-2025/
A7: التغطية | B7: لا تشمل البيانات العاملين في القطاعات العسكرية والأمنية، ولا السعوديين غير المسجلين في الخدمة المدنية أو التأمينات الاجتماعية أو سجلات العمالة المنزلية، ولا غير السعوديين الذين تقل مدة عملهم عن ثلاثة أشهر.
A8: فترة التحليل | B8: من الربع الثاني 2021 إلى الربع الأول 2025. استُبعد الربع الأول 2021 لأن عمود الإجمالي في الجدول المنشور مطابق لعمود غير السعوديين (خطأ في المصدر). الربع الثالث 2022 غير متاح في المصدر.
A9: طريقة الحساب | B9: السعوديون = إجمالي المشتغلين - غير السعوديين. نسبة التوطين = السعوديون ÷ إجمالي المشتغلين. التغير بالنقاط المئوية = الفرق بين نسبتي التوطين × 100.
A10: التحقق | B10: مجموع الأنشطة في كل ربع يساوي الإجمالي المنشور في المصدر تماماً للجدولين.
A11: تنبيه | B11: التغيرات الكبيرة في بعض الأنشطة بين الأرباع (مثل الزراعة والتعليم وغير محدد) قد تعكس إعادة تصنيف في السجلات الإدارية وليس تغيراً فعلياً في التوظيف.
