Workbook

Sheet نظرة عامة
A1: التضخم في السعودية حسب فئات الإنفاق
A2: بيانات الهيئة العامة للإحصاء والبنك المركزي السعودي
A4: التضخم السنوي - الربع الأول 2026 | B4: التضخم السنوي - يونيو 2026 | C4: التضخم خلال 2025 | D4: أعلى فئة تضخماً | E4: أكبر مساهم في التضخم
A5: ='فئات الإنفاق'!G18 -> 0.017509728 | B5: ='الاتجاه الشهري'!C22 -> 0.018 | C5: ='فئات الإنفاق'!K18 -> 0.02 | D5: =INDEX('فئات الإنفاق'!B5:B17,MATCH(MAX('فئات الإنفاق'!G5:G17),'فئات الإنفاق'!G5:G17,0)) -> العناية الشخصية والحماية الاجتماعية وسلع متنوعة | E5: =INDEX('فئات الإنفاق'!B5:B17,MATCH(MAX('فئات الإنفاق'!I5:I17),'فئات الإنفاق'!I5:I17,0)) -> السكن والمياه والكهرباء والغاز
A8: الفئات التي تضخمها أعلى من التضخم العام (الربع الأول 2026)
A9: فئة الإنفاق | B9: الوزن | C9: التغير السنوي | D9: المساهمة (نقطة) | E9: أعلى من العام؟
A10: ='فئات الإنفاق'!B5 -> الأغذية والمشروبات | B10: ='فئات الإنفاق'!C5 -> 0.219 | C10: ='فئات الإنفاق'!G5 -> 0.0019743337 | D10: ='فئات الإنفاق'!I5 -> 0.042607004 | E10: =IF('فئات الإنفاق'!G5>'فئات الإنفاق'!$G$18,"نعم","لا") -> لا
A11: ='فئات الإنفاق'!B6 -> التبغ | B11: ='فئات الإنفاق'!C6 -> 0.007 | C11: ='فئات الإنفاق'!G6 -> 0.0050352467 | D11: ='فئات الإنفاق'!I6 -> 0.0034046693 | E11: =IF('فئات الإنفاق'!G6>'فئات الإنفاق'!$G$18,"نعم","لا") -> لا
A12: ='فئات الإنفاق'!B7 -> الملابس والأحذية | B12: ='فئات الإنفاق'!C7 -> 0.037 | C12: ='فئات الإنفاق'!G7 -> 0.0010351967 | D12: ='فئات الإنفاق'!I7 -> 0.0035992218 | E12: =IF('فئات الإنفاق'!G7>'فئات الإنفاق'!$G$18,"نعم","لا") -> لا
A13: ='فئات الإنفاق'!B8 -> السكن والمياه والكهرباء والغاز | B13: ='فئات الإنفاق'!C8 -> 0.202 | C13: ='فئات الإنفاق'!G8 -> 0.040431267 | D13: ='فئات الإنفاق'!I8 -> 0.88424125 | E13: =IF('فئات الإنفاق'!G8>'فئات الإنفاق'!$G$18,"نعم","لا") -> نعم
A14: ='فئات الإنفاق'!B9 -> التأثيث والتجهيزات المنزلية | B14: ='فئات الإنفاق'!C9 -> 0.067 | C14: ='فئات الإنفاق'!G9 -> -0.0061099796 | D14: ='فئات الإنفاق'!I9 -> -0.039105058 | E14: =IF('فئات الإنفاق'!G9>'فئات الإنفاق'!$G$18,"نعم","لا") -> لا
A15: ='فئات الإنفاق'!B10 -> الصحة | B15: ='فئات الإنفاق'!C10 -> 0.04 | C15: ='فئات الإنفاق'!G10 -> 0.0020060181 | D15: ='فئات الإنفاق'!I10 -> 0.0077821012 | E15: =IF('فئات الإنفاق'!G10>'فئات الإنفاق'!$G$18,"نعم","لا") -> لا
A16: ='فئات الإنفاق'!B11 -> النقل | B16: ='فئات الإنفاق'!C11 -> 0.145 | C16: ='فئات الإنفاق'!G11 -> 0.013 | D16: ='فئات الإنفاق'!I11 -> 0.18336576 | E16: =IF('فئات الإنفاق'!G11>'فئات الإنفاق'!$G$18,"نعم","لا") -> لا
A17: ='فئات الإنفاق'!B12 -> المعلومات والاتصالات | B17: ='فئات الإنفاق'!C12 -> 0.052 | C17: ='فئات الإنفاق'!G12 -> 0.0071868583 | D17: ='فئات الإنفاق'!I12 -> 0.03540856 | E17: =IF('فئات الإنفاق'!G12>'فئات الإنفاق'!$G$18,"نعم","لا") -> لا
A18: ='فئات الإنفاق'!B13 -> الترفيه والرياضة والثقافة | B18: ='فئات الإنفاق'!C13 -> 0.032 | C18: ='فئات الإنفاق'!G13 -> 0.020487805 | D18: ='فئات الإنفاق'!I13 -> 0.06536965 | E18: =IF('فئات الإنفاق'!G13>'فئات الإنفاق'!$G$18,"نعم","لا") -> نعم
A19: ='فئات الإنفاق'!B14 -> التعليم | B19: ='فئات الإنفاق'!C14 -> 0.022 | C19: ='فئات الإنفاق'!G14 -> 0.014866204 | D19: ='فئات الإنفاق'!I14 -> 0.032101167 | E19: =IF('فئات الإنفاق'!G14>'فئات الإنفاق'!$G$18,"نعم","لا") -> لا
A20: ='فئات الإنفاق'!B15 -> المطاعم وخدمات الإقامة | B20: ='فئات الإنفاق'!C15 -> 0.084 | C20: ='فئات الإنفاق'!G15 -> 0.017045455 | D20: ='فئات الإنفاق'!I15 -> 0.14708171 | E20: =IF('فئات الإنفاق'!G15>'فئات الإنفاق'!$G$18,"نعم","لا") -> لا
A21: ='فئات الإنفاق'!B16 -> التأمين والخدمات المالية | B21: ='فئات الإنفاق'!C16 -> 0.032 | C21: ='فئات الإنفاق'!G16 -> 0.021276596 | D21: ='فئات الإنفاق'!I16 -> 0.06848249 | E21: =IF('فئات الإنفاق'!G16>'فئات الإنفاق'!$G$18,"نعم","لا") -> نعم
A22: ='فئات الإنفاق'!B17 -> العناية الشخصية والحماية الاجتماعية وسلع متنوعة | B22: ='فئات الإنفاق'!C17 -> 0.061 | C22: ='فئات الإنفاق'!G17 -> 0.080152672 | D22: ='فئات الإنفاق'!I17 -> 0.49844358 | E22: =IF('فئات الإنفاق'!G17>'فئات الإنفاق'!$G$18,"نعم","لا") -> نعم

Sheet فئات الإنفاق
A1: الرقم القياسي لأسعار المستهلك حسب فئات الإنفاق - الربع الأول 2026
A2: المصدر: البنك المركزي السعودي (ساما)، تقرير التضخم للربع الأول 2026، الجدول 2، استناداً إلى بيانات الهيئة العامة للإحصاء (سنة الأساس 2023 = 100).
A4: الرمز | B4: فئة الإنفاق | C4: الوزن % | D4: الرقم القياسي ر1 2025 | E4: الرقم القياسي ر4 2025 | F4: الرقم القياسي ر1 2026 | G4: التغير السنوي % | H4: التغير الربعي % | I4: المساهمة في التضخم السنوي (نقطة) | J4: الحصة من التضخم % | K4: التغير خلال 2025 %
A5: 01 | B5: الأغذية والمشروبات | C5: 0.219 | D5: 101.3 | E5: 102.3 | F5: 101.5 | G5: =F5/D5-1 -> 0.0019743337 | H5: =F5/E5-1 -> -0.0078201369 | I5: =C5*(F5-D5)/$D$18*100 -> 0.042607004 | J5: =IFERROR(I5/$I$18,0) -> 0.022044391 | K5: 0.011
A6: 02 | B6: التبغ | C6: 0.007 | D6: 99.3 | E6: 99.7 | F6: 99.8 | G6: =F6/D6-1 -> 0.0050352467 | H6: =F6/E6-1 -> 0.001003009 | I6: =C6*(F6-D6)/$D$18*100 -> 0.0034046693 | J6: =IFERROR(I6/$I$18,0) -> 0.0017615381 | K6: 0.006
A7: 03 | B7: الملابس والأحذية | C7: 0.037 | D7: 96.6 | E7: 96.7 | F7: 96.7 | G7: =F7/D7-1 -> 0.0010351967 | H7: =F7/E7-1 -> 0 | I7: =C7*(F7-D7)/$D$18*100 -> 0.0035992218 | J7: =IFERROR(I7/$I$18,0) -> 0.0018621974 | K7: 0
A8: 04 | B8: السكن والمياه والكهرباء والغاز | C8: 0.202 | D8: 111.3 | E8: 114.7 | F8: 115.8 | G8: =F8/D8-1 -> 0.040431267 | H8: =F8/E8-1 -> 0.0095902354 | I8: =C8*(F8-D8)/$D$18*100 -> 0.88424125 | J8: =IFERROR(I8/$I$18,0) -> 0.4574966 | K8: 0.061
A9: 05 | B9: التأثيث والتجهيزات المنزلية | C9: 0.067 | D9: 98.2 | E9: 97.8 | F9: 97.6 | G9: =F9/D9-1 -> -0.0061099796 | H9: =F9/E9-1 -> -0.0020449898 | I9: =C9*(F9-D9)/$D$18*100 -> -0.039105058 | J9: =IFERROR(I9/$I$18,0) -> -0.020232523 | K9: -0.008
A10: 06 | B10: الصحة | C10: 0.04 | D10: 99.7 | E10: 99.8 | F10: 99.9 | G10: =F10/D10-1 -> 0.0020060181 | H10: =F10/E10-1 -> 0.001002004 | I10: =C10*(F10-D10)/$D$18*100 -> 0.0077821012 | J10: =IFERROR(I10/$I$18,0) -> 0.0040263727 | K10: -0.002
A11: 07 | B11: النقل | C11: 0.145 | D11: 100 | E11: 101 | F11: 101.3 | G11: =F11/D11-1 -> 0.013 | H11: =F11/E11-1 -> 0.002970297 | I11: =C11*(F11-D11)/$D$18*100 -> 0.18336576 | J11: =IFERROR(I11/$I$18,0) -> 0.094871408 | K11: 0.004
A12: 08 | B12: المعلومات والاتصالات | C12: 0.052 | D12: 97.4 | E12: 97.8 | F12: 98.1 | G12: =F12/D12-1 -> 0.0071868583 | H12: =F12/E12-1 -> 0.0030674847 | I12: =C12*(F12-D12)/$D$18*100 -> 0.03540856 | J12: =IFERROR(I12/$I$18,0) -> 0.018319996 | K12: -0.007
A13: 09 | B13: الترفيه والرياضة والثقافة | C13: 0.032 | D13: 102.5 | E13: 103.5 | F13: 104.6 | G13: =F13/D13-1 -> 0.020487805 | H13: =F13/E13-1 -> 0.010628019 | I13: =C13*(F13-D13)/$D$18*100 -> 0.06536965 | J13: =IFERROR(I13/$I$18,0) -> 0.033821531 | K13: 0.025
A14: 10 | B14: التعليم | C14: 0.022 | D14: 100.9 | E14: 102.4 | F14: 102.4 | G14: =F14/D14-1 -> 0.014866204 | H14: =F14/E14-1 -> 0 | I14: =C14*(F14-D14)/$D$18*100 -> 0.032101167 | J14: =IFERROR(I14/$I$18,0) -> 0.016608788 | K14: 0.003
A15: 11 | B15: المطاعم وخدمات الإقامة | C15: 0.084 | D15: 105.6 | E15: 105.9 | F15: 107.4 | G15: =F15/D15-1 -> 0.017045455 | H15: =F15/E15-1 -> 0.014164306 | I15: =C15*(F15-D15)/$D$18*100 -> 0.14708171 | J15: =IFERROR(I15/$I$18,0) -> 0.076098445 | K15: 0.018
A16: 12 | B16: التأمين والخدمات المالية | C16: 0.032 | D16: 103.4 | E16: 105.4 | F16: 105.6 | G16: =F16/D16-1 -> 0.021276596 | H16: =F16/E16-1 -> 0.0018975332 | I16: =C16*(F16-D16)/$D$18*100 -> 0.06848249 | J16: =IFERROR(I16/$I$18,0) -> 0.03543208 | K16: 0.063
A17: 13 | B17: العناية الشخصية والحماية الاجتماعية وسلع متنوعة | C17: 0.061 | D17: 104.8 | E17: 110.5 | F17: 113.2 | G17: =F17/D17-1 -> 0.080152672 | H17: =F17/E17-1 -> 0.024434389 | I17: =C17*(F17-D17)/$D$18*100 -> 0.49844358 | J17: =IFERROR(I17/$I$18,0) -> 0.25788917 | K17: 0.051
A18: 00 | B18: الرقم القياسي العام (المنشور) | C18: =SUM(C5:C17) -> 1 | D18: 102.8 | E18: 104.2 | F18: 104.6 | G18: =F18/D18-1 -> 0.017509728 | H18: =F18/E18-1 -> 0.0038387716 | I18: =SUM(I5:I17) -> 1.9327821 | J18: =SUM(J5:J17) -> 1 | K18: 0.02
B20: الأرقام الزرقاء من المصدر، والسوداء معادلات. المساهمة تقريبية: الوزن × تغير الرقم القياسي للفئة ÷ الرقم العام قبل سنة.

Sheet الاتجاه الشهري
A1: التضخم الشهري والسنوي للرقم القياسي العام
A2: المصدر: الهيئة العامة للإحصاء، نشرة الرقم القياسي لأسعار المستهلك، يونيو 2026.
A4: الشهر | B4: التغير الشهري % | C4: التغير السنوي % (المنشور) | D4: تراكم آخر 12 شهراً % (محسوب) | E4: الفرق (نقطة)
A5: 2025-01 | B5: 0.004
A6: 2025-02 | B6: 0.001
A7: 2025-03 | B7: 0.002
A8: 2025-04 | B8: 0.004
A9: 2025-05 | B9: 0.001
A10: 2025-06 | B10: 0.002 | C10: 0.02
A11: 2025-07 | B11: 0.001 | C11: 0.022
A12: 2025-08 | B12: 0.001 | C12: 0.023
A13: 2025-09 | B13: -0.001 | C13: 0.022
A14: 2025-10 | B14: 0.003 | C14: 0.022
A15: 2025-11 | B15: 0.001 | C15: 0.019
A16: 2025-12 | B16: 0.001 | C16: 0.021 | D16: =EXP(SUMPRODUCT(LN(1+B5:B16)))-1 -> 0.020172834 | E16: =IF(C16="","",(D16-C16)*100) -> -0.082716552
A17: 2026-01 | B17: 0.002 | C17: 0.018 | D17: =EXP(SUMPRODUCT(LN(1+B6:B17)))-1 -> 0.018140618 | E17: =IF(C17="","",(D17-C17)*100) -> 0.014061768
A18: 2026-02 | B18: 0 | C18: 0.017 | D18: =EXP(SUMPRODUCT(LN(1+B7:B18)))-1 -> 0.017123494 | E18: =IF(C18="","",(D18-C18)*100) -> 0.012349418
A19: 2026-03 | B19: 0.003 | C19: 0.018 | D19: =EXP(SUMPRODUCT(LN(1+B8:B19)))-1 -> 0.018138587 | E19: =IF(C19="","",(D19-C19)*100) -> 0.013858749
A20: 2026-04 | B20: 0.002 | C20: 0.017 | D20: =EXP(SUMPRODUCT(LN(1+B9:B20)))-1 -> 0.016110423 | E20: =IF(C20="","",(D20-C20)*100) -> -0.088957703
A21: 2026-05 | B21: 0.002 | C21: 0.018 | D21: =EXP(SUMPRODUCT(LN(1+B10:B21)))-1 -> 0.017125518 | E21: =IF(C21="","",(D21-C21)*100) -> -0.08744817
A22: 2026-06 | B22: 0.002 | C22: 0.018 | D22: =EXP(SUMPRODUCT(LN(1+B11:B22)))-1 -> 0.017125518 | E22: =IF(C22="","",(D22-C22)*100) -> -0.08744817
A24: العمود المحسوب يجمع التغيرات الشهرية لآخر 12 شهراً بالتراكم، ويطابق التغير السنوي المنشور ضمن فرق التقريب (الأرقام الشهرية مقربة لمنزلة عشرية واحدة).

Sheet حاسبة أثر التضخم
A1: حاسبة أثر التضخم على ميزانية الأسرة
A2: أدخل إنفاقك الشهري في كل فئة (الخلايا الصفراء)، وتحسب الحاسبة الزيادة المتوقعة في التكلفة إذا استمرت معدلات التضخم السنوية الحالية.
B4: إجمالي الإنفاق الشهري (لتوزيع افتراضي) | C4: 10000 | D4: ← غيّره، أو اكتب مبالغك الفعلية مباشرة في العمود C بالأسفل
B6: فئة الإنفاق | C6: الإنفاق الشهري (ريال) | D6: التضخم السنوي للفئة | E6: التكلفة الشهرية بعد سنة | F6: الزيادة الشهرية (ريال) | G6: الزيادة السنوية (ريال)
B7: ='فئات الإنفاق'!B5 -> الأغذية والمشروبات | C7: =ROUND($C$4*'فئات الإنفاق'!C5,0) -> 2190 | D7: ='فئات الإنفاق'!G5 -> 0.0019743337 | E7: =C7*(1+D7) -> 2194.3238 | F7: =E7-C7 -> 4.3237907 | G7: =F7*12 -> 51.885489
B8: ='فئات الإنفاق'!B6 -> التبغ | C8: =ROUND($C$4*'فئات الإنفاق'!C6,0) -> 70 | D8: ='فئات الإنفاق'!G6 -> 0.0050352467 | E8: =C8*(1+D8) -> 70.352467 | F8: =E8-C8 -> 0.35246727 | G8: =F8*12 -> 4.2296073
B9: ='فئات الإنفاق'!B7 -> الملابس والأحذية | C9: =ROUND($C$4*'فئات الإنفاق'!C7,0) -> 370 | D9: ='فئات الإنفاق'!G7 -> 0.0010351967 | E9: =C9*(1+D9) -> 370.38302 | F9: =E9-C9 -> 0.38302277 | G9: =F9*12 -> 4.5962733
B10: ='فئات الإنفاق'!B8 -> السكن والمياه والكهرباء والغاز | C10: =ROUND($C$4*'فئات الإنفاق'!C8,0) -> 2020 | D10: ='فئات الإنفاق'!G8 -> 0.040431267 | E10: =C10*(1+D10) -> 2101.6712 | F10: =E10-C10 -> 81.671159 | G10: =F10*12 -> 980.05391
B11: ='فئات الإنفاق'!B9 -> التأثيث والتجهيزات المنزلية | C11: =ROUND($C$4*'فئات الإنفاق'!C9,0) -> 670 | D11: ='فئات الإنفاق'!G9 -> -0.0061099796 | E11: =C11*(1+D11) -> 665.90631 | F11: =E11-C11 -> -4.0936864 | G11: =F11*12 -> -49.124236
B12: ='فئات الإنفاق'!B10 -> الصحة | C12: =ROUND($C$4*'فئات الإنفاق'!C10,0) -> 400 | D12: ='فئات الإنفاق'!G10 -> 0.0020060181 | E12: =C12*(1+D12) -> 400.80241 | F12: =E12-C12 -> 0.80240722 | G12: =F12*12 -> 9.6288867
B13: ='فئات الإنفاق'!B11 -> النقل | C13: =ROUND($C$4*'فئات الإنفاق'!C11,0) -> 1450 | D13: ='فئات الإنفاق'!G11 -> 0.013 | E13: =C13*(1+D13) -> 1468.85 | F13: =E13-C13 -> 18.85 | G13: =F13*12 -> 226.2
B14: ='فئات الإنفاق'!B12 -> المعلومات والاتصالات | C14: =ROUND($C$4*'فئات الإنفاق'!C12,0) -> 520 | D14: ='فئات الإنفاق'!G12 -> 0.0071868583 | E14: =C14*(1+D14) -> 523.73717 | F14: =E14-C14 -> 3.7371663 | G14: =F14*12 -> 44.845996
B15: ='فئات الإنفاق'!B13 -> الترفيه والرياضة والثقافة | C15: =ROUND($C$4*'فئات الإنفاق'!C13,0) -> 320 | D15: ='فئات الإنفاق'!G13 -> 0.020487805 | E15: =C15*(1+D15) -> 326.5561 | F15: =E15-C15 -> 6.5560976 | G15: =F15*12 -> 78.673171
B16: ='فئات الإنفاق'!B14 -> التعليم | C16: =ROUND($C$4*'فئات الإنفاق'!C14,0) -> 220 | D16: ='فئات الإنفاق'!G14 -> 0.014866204 | E16: =C16*(1+D16) -> 223.27056 | F16: =E16-C16 -> 3.2705649 | G16: =F16*12 -> 39.246779
B17: ='فئات الإنفاق'!B15 -> المطاعم وخدمات الإقامة | C17: =ROUND($C$4*'فئات الإنفاق'!C15,0) -> 840 | D17: ='فئات الإنفاق'!G15 -> 0.017045455 | E17: =C17*(1+D17) -> 854.31818 | F17: =E17-C17 -> 14.318182 | G17: =F17*12 -> 171.81818
B18: ='فئات الإنفاق'!B16 -> التأمين والخدمات المالية | C18: =ROUND($C$4*'فئات الإنفاق'!C16,0) -> 320 | D18: ='فئات الإنفاق'!G16 -> 0.021276596 | E18: =C18*(1+D18) -> 326.80851 | F18: =E18-C18 -> 6.8085106 | G18: =F18*12 -> 81.702128
B19: ='فئات الإنفاق'!B17 -> العناية الشخصية والحماية الاجتماعية وسلع متنوعة | C19: =ROUND($C$4*'فئات الإنفاق'!C17,0) -> 610 | D19: ='فئات الإنفاق'!G17 -> 0.080152672 | E19: =C19*(1+D19) -> 658.89313 | F19: =E19-C19 -> 48.89313 | G19: =F19*12 -> 586.71756
B20: الإجمالي | C20: =SUM(C7:C19) -> 10000 | D20: =IFERROR(E20/C20-1,0) -> 0.018587281 | E20: =SUM(E7:E19) -> 10185.873 | F20: =SUM(F7:F19) -> 185.87281 | G20: =SUM(G7:G19) -> 2230.4737
B21: التضخم الشخصي لأسرتك = الإجمالي في عمود «التضخم السنوي». يختلف عن التضخم العام حسب نمط إنفاقك.

Sheet المصدر والملاحظات
A1: المصدر والملاحظات المنهجية
A3: فئات الإنفاق | B3: البنك المركزي السعودي (ساما)، تقرير التضخم للربع الأول 2026، الجدول 2 (الرقم القياسي لأسعار المستهلك، 2023 = 100)، استناداً إلى الهيئة العامة للإحصاء:
B4: https://www.sama.gov.sa/en-US/Publications/EconomicReports/InflationReports/Inflation_Q1_2026-En.pdf
A5: الاتجاه الشهري | B5: الهيئة العامة للإحصاء، نشرة الرقم القياسي لأسعار المستهلك لشهر يونيو 2026:
B6: https://www.stats.gov.sa/documents/20117/2435267/CPI+Jun+2026-EN+(1).pdf/06a48d85-4368-1e92-dfcb-8a092010e724?t=1783941888045
A7: السلة | B7: 582 سلعة وخدمة، والأوزان مأخوذة من مسح دخل وإنفاق الأسرة 2023.
A8: التحقق | B8: مجموع أوزان الفئات = 100%. التغيرات السنوية والربعية المنشورة تطابق المحسوبة من الأرقام القياسية لكل فئة. تراكم التغيرات الشهرية لآخر 12 شهراً يطابق التغير السنوي المنشور ضمن فرق التقريب.
A9: المساهمة في التضخم | B9: تقريبية: الوزن × (الرقم القياسي للفئة الآن - قبل سنة) ÷ الرقم العام قبل سنة. المتوسط المرجح للفئات بالأوزان المنشورة أعلى من الرقم العام المنشور بنحو 0.4 نقطة، غالباً لتحديث الأوزان بالأسعار، لذلك مجموع المساهمات لا يساوي التضخم العام تماماً.
A10: حاسبة أثر التضخم | B10: تفترض استمرار معدل التضخم السنوي لكل فئة كما هو في الربع الأول 2026. التوزيع الافتراضي للإنفاق يستخدم أوزان السلة الرسمية.
